scope,pipeline,pipeline_name,dataset,template_bits,enrolled_templates,genuine_queries,genuine_identities,genuine_pair_comparisons,mean_pair_ep,pair_ep_ci_lower,pair_ep_ci_upper,median_pair_ep,pair_ep_standard_deviation,pair_ep_q1,pair_ep_q3,pair_ep_iqr,pair_ep_minimum,pair_ep_maximum,mean_query_average_pair_ep,mean_nearest_template_ep,nearest_ep_ci_lower,nearest_ep_ci_upper,median_nearest_template_ep,mean_block_min_ep,mean_predicted_block_survival,observed_block_survival,equal_dataset_macro_mean_pair_ep,equal_dataset_macro_nearest_ep,bootstrap_samples
dataset,P1,Union Pixel-HBF,Faces94,4900,508,508,51,5064,0.08529395170390432,0.07872634053621445,0.0921013675848529,0.0810204081632653,0.033008337311809556,0.061224489795918366,0.10469387755102041,0.04346938775510205,0.015510204081632653,0.22959183673469388,0.08543755021693718,0.06207978466977342,0.056411014405762294,0.06826135212978471,0.05724489795918367,0.03769860617487565,0.5911858355808205,0.5112805884294404,,,1000
dataset,P1,Union Pixel-HBF,Faces95,4900,230,233,24,2255,0.09479885967690846,0.08241383044994477,0.10850409321238234,0.08734693877551021,0.04232412388487464,0.06622448979591837,0.11204081632653061,0.04581632653061224,0.018163265306122448,0.2742857142857143,0.09552118186330326,0.05895243934483665,0.049818129975789445,0.07122718777728482,0.049183673469387755,0.0371068542589281,0.558905714735008,0.4679653568399681,,,1000
dataset,P1,Union Pixel-HBF,Faces96,4900,505,507,51,5032,0.128908211933422,0.11681499978519758,0.14061114836787109,0.12142857142857143,0.055878188722228085,0.0901530612244898,0.1573469387755102,0.06719387755102041,0.021836734693877553,0.3889795918367347,0.12901611453259804,0.08642917522038401,0.07719339086367148,0.09740097663626979,0.07857142857142857,0.05434810093400281,0.5119795166722674,0.43710212710673324,,,1000
dataset,P1,Union Pixel-HBF,FEI,4900,68,68,68,68,0.11864645858343337,0.11036164465786313,0.12640501200480186,0.12183673469387755,0.03369261532192199,0.0953061224489796,0.1408673469387755,0.04556122448979591,0.022040816326530613,0.21489795918367346,0.11864645858343337,0.11864645858343337,0.11065103541416563,0.12689953481392555,0.12183673469387755,0.1179515966826535,0.33113330567738525,0.26858048608665025,,,1000
dataset,P1,Union Pixel-HBF,FERET,4900,309,309,309,309,0.10304603394755961,0.09834295951390264,0.10766296809986131,0.09979591836734694,0.04310376123852841,0.06938775510204082,0.12877551020408162,0.05938775510204081,0.008775510204081632,0.2310204081632653,0.10304603394755961,0.10304603394755961,0.09813184399973579,0.10775399577306655,0.09979591836734694,0.1024418824672409,0.3414995043121336,0.2764374164292774,,,1000
combined_micro,P1,Union Pixel-HBF,Combined,4900,1620,1625,503,12728,0.10482992662809938,0.09914478746482357,0.11067339938090881,0.09571428571428571,0.04936025552890703,0.06918367346938775,0.1293877551020408,0.06020408163265306,0.008775510204081632,0.3889795918367347,0.10521788592360021,0.0793853689167975,0.075175733240025,0.08365836747996278,0.07163265306122449,0.05847786240584885,0.5034839769721013,0.4271137724550898,0.10613870316904554,0.08583077835319741,1000
dataset,P2,Union L-DCT-HBF,Faces94,576,508,508,51,5064,0.16834449600667017,0.15936591094771252,0.17901385613816356,0.16145833333333334,0.048605235396673906,0.13368055555555555,0.19444444444444445,0.060763888888888895,0.05555555555555555,0.359375,0.16857074994531934,0.13189318132108488,0.1232026083481293,0.1398946001141378,0.12413194444444445,0.06591070647419071,0.6313572186131494,0.5131643700787402,,,1000
dataset,P2,Union L-DCT-HBF,Faces95,576,230,233,24,2255,0.19759023158413402,0.18060701346511862,0.21411632219464335,0.1892361111111111,0.0643812415358651,0.1527777777777778,0.2309027777777778,0.078125,0.06770833333333333,0.4461805555555556,0.19876394187463572,0.1335240820219361,0.12005215990232512,0.1474879462937802,0.1232638888888889,0.06934012875536481,0.5998317282856878,0.46503934191702434,,,1000
dataset,P2,Union L-DCT-HBF,Faces96,576,505,507,51,5032,0.25590940204910795,0.2437429241397405,0.26927676912792836,0.2534722222222222,0.06800081961314798,0.20833333333333334,0.2986111111111111,0.09027777777777776,0.06597222222222222,0.5086805555555556,0.255885580271264,0.18592483015559938,0.1726862064270152,0.19883127382897606,0.18229166666666666,0.09953361275476659,0.47855593133615076,0.33353879026955946,,,1000
dataset,P2,Union L-DCT-HBF,FEI,576,68,68,68,68,0.23611111111111113,0.22382429534313722,0.24831750408496733,0.24131944444444445,0.05166464336030557,0.20225694444444445,0.2712673611111111,0.06901041666666666,0.11805555555555555,0.3663194444444444,0.23611111111111113,0.23611111111111113,0.22330984477124174,0.24872344771241817,0.24131944444444445,0.23611111111111108,0.233459965556324,0.13541666666666669,,,1000
dataset,P2,Union L-DCT-HBF,FERET,576,309,309,309,309,0.19911340345199569,0.192240313736066,0.20581639360841408,0.19791666666666666,0.06110862222886108,0.15104166666666666,0.2378472222222222,0.08680555555555555,0.06076388888888889,0.3715277777777778,0.19911340345199569,0.19911340345199569,0.19235998741459895,0.2057894248921251,0.19791666666666666,0.19911340345199569,0.25057057774840086,0.14016990291262135,,,1000
combined_micro,P2,Union L-DCT-HBF,Combined,576,1620,1625,503,12728,0.2092536304473078,0.2025240610465558,0.21641079808901345,0.1996527777777778,0.07186254095993563,0.1545138888888889,0.2569444444444444,0.10243055555555552,0.05555555555555555,0.5086805555555556,0.20877632359924025,0.16612820512820511,0.16122724442486946,0.17175157804343125,0.15625,0.10934401709401709,0.49010443268649817,0.36348717948717946,0.2114137288406038,0.17731332161234542,1000
dataset,P3,Union L-ArcFace-HBF,Faces94,576,508,508,51,5064,0.15532366267333686,0.14659973894606554,0.16335950966255633,0.1527777777777778,0.04109124843421425,0.1267361111111111,0.17881944444444445,0.05208333333333334,0.043402777777777776,0.3524305555555556,0.15551779172134733,0.12576211176727908,0.11837085246886445,0.1342925242945224,0.12152777777777778,0.06346716426071741,0.6184655679212551,0.4847030839895013,,,1000
dataset,P3,Union L-ArcFace-HBF,Faces95,576,230,233,24,2255,0.1962529255974378,0.1832433344348371,0.20840524039705574,0.19270833333333334,0.047806513287863305,0.16319444444444445,0.22743055555555555,0.0642361111111111,0.08159722222222222,0.3715277777777778,0.19733117416414986,0.15023694563662376,0.1389390963394539,0.16192327808128565,0.14756944444444445,0.07591201716738197,0.5397583359598597,0.3818848354792561,,,1000
dataset,P3,Union L-ArcFace-HBF,Faces96,576,505,507,51,5032,0.22170470102455397,0.2143296526632712,0.2299920264737058,0.2222222222222222,0.04780056213872206,0.1892361111111111,0.2517361111111111,0.0625,0.09027777777777778,0.4114583333333333,0.2219445890252514,0.16818019943019943,0.16039522058823527,0.1767197985965219,0.16666666666666666,0.08843551391628314,0.48544303350005136,0.32269066403681784,,,1000
dataset,P3,Union L-ArcFace-HBF,FEI,576,68,68,68,68,0.19538909313725492,0.18655471303104573,0.2050666360294117,0.2013888888888889,0.04008061130889747,0.16493055555555555,0.22743055555555555,0.0625,0.10416666666666667,0.2725694444444444,0.19538909313725492,0.19538909313725492,0.1860147314133986,0.2053238613153594,0.2013888888888889,0.1953890931372549,0.2205104990074606,0.10998774509803921,,,1000
dataset,P3,Union L-ArcFace-HBF,FERET,576,309,309,309,309,0.16761619021934557,0.1617246494066883,0.17354944826501256,0.16493055555555555,0.05145197548531425,0.13194444444444445,0.2048611111111111,0.07291666666666666,0.046875,0.3454861111111111,0.16761619021934557,0.16761619021934557,0.1618492392574614,0.17326922644732112,0.16493055555555555,0.16761619021934557,0.2813295318765266,0.15439590075512408,,,1000
combined_micro,P3,Union L-ArcFace-HBF,Combined,576,1620,1625,503,12728,0.18933118256337733,0.18432110226756152,0.19400385734592188,0.1857638888888889,0.05429079031917739,0.14930555555555555,0.22743055555555555,0.078125,0.043402777777777776,0.4114583333333333,0.1862073658594492,0.15337820512820513,0.149029175851826,0.1574500324340802,0.14930555555555555,0.098366452991453,0.4849165280304769,0.34092307692307694,0.18725731453038583,0.16143690803814054,1000
