pipeline,partition,bit_depth,template_bits,template_bytes,macro_auc,macro_accuracy,macro_balanced_accuracy,five_dataset_hbf_bank_bytes
P2,development,4,192,24,0.6404801156961633,0.7160237830069908,0.6378907731494543,50796
P2,development,6,288,36,0.7824847304630022,0.7326007417927178,0.738879117601883,50796
P2,development,8,384,48,0.8468349407248468,0.7883635163449995,0.8031622632845405,50796
P2,development,12,576,72,0.9028516862866887,0.8493579965684896,0.8558011806383838,50796
P2,development,16,768,96,0.8973578831254109,0.834531571085987,0.8551340030814615,50796
P2,development,24,1152,144,0.7605183727643977,0.6917572988477954,0.7353532579899525,50796
P2,development,32,1536,192,0.6753692472662745,0.6025904786895983,0.6515690921386157,50796
P2,development,48,2304,288,0.5269834195150882,0.45041236986594163,0.5411525837066178,50796
P2,evaluation,4,192,24,0.5894476723674714,0.6811560266429308,0.5269363095236667,93180
P2,evaluation,6,288,36,0.7261998550748504,0.6958471200692362,0.5780141765254685,93180
P2,evaluation,8,384,48,0.8273836716201156,0.7441621899812809,0.6301240557302342,93180
P2,evaluation,12,576,72,0.8668406030183655,0.7882298343708329,0.7270639442346798,93180
P2,evaluation,16,768,96,0.8628417103677816,0.8147897790015314,0.790505514235746,93180
P2,evaluation,24,1152,144,0.7762988365743042,0.6977456966656566,0.7254512513956468,93180
P2,evaluation,32,1536,192,0.6646061163806846,0.6210355411318098,0.6403642882466055,93180
P2,evaluation,48,2304,288,0.5401094719015977,0.4424336570359255,0.525462658885027,93180
P3,development,4,192,24,0.6995579486180808,0.7086959124887781,0.6661332690892889,50796
P3,development,6,288,36,0.8493168522702691,0.7934852507371342,0.7942897421698867,50796
P3,development,8,384,48,0.9175904372604149,0.8545743897075475,0.863409759300217,50796
P3,development,12,576,72,0.9469163698245688,0.8998863635548758,0.9012675556126004,50796
P3,development,16,768,96,0.9163288813452658,0.8530847398653517,0.8837848822530381,50796
P3,development,24,1152,144,0.8450934780582025,0.7418737247826837,0.7962818667889758,50796
P3,development,32,1536,192,0.713288907845303,0.6362692995191861,0.687269866155392,50796
P3,development,48,2304,288,0.606225483063915,0.5339231180443852,0.5944785380809356,50796
P3,evaluation,4,192,24,0.6129809495199832,0.6956277256406938,0.5577259412384773,93180
P3,evaluation,6,288,36,0.7265288997784614,0.7437535676513416,0.615534316205242,93180
P3,evaluation,8,384,48,0.8535313763196786,0.7750834809149463,0.6552973770958815,93180
P3,evaluation,12,576,72,0.9334161516491086,0.8630866338166608,0.7861728025607374,93180
P3,evaluation,16,768,96,0.9419027137186452,0.8404735997185101,0.8630725190920898,93180
P3,evaluation,24,1152,144,0.8351191998248234,0.7360271122343233,0.7933681810561666,93180
P3,evaluation,32,1536,192,0.7149648907926863,0.6196256976734886,0.6659288977946614,93180
P3,evaluation,48,2304,288,0.5727638815308239,0.5066969009454305,0.5599676084807655,93180
