pipeline,dataset,partition,protocol,false_positive_probability,filters,template_bits,enrolled_templates,genuine_queries,imposter_queries,threshold,auc,accuracy,correct,total,balanced_accuracy,true_positive,false_negative,true_negative,false_positive,m,k,hbf_bank_storage_bytes
P1,Faces94,evaluation,several_enrollment_photographs,0.01,167,4900,508,508,329,74,0.9139691979991862,0.8315412186379928,696,837,0.8108830146231721,461,47,235,94,4870,7,101662
P2,Faces94,evaluation,several_enrollment_photographs,0.01,48,576,508,508,329,13,0.9901096139578297,0.9139784946236559,765,837,0.8937905368211952,502,6,263,66,4870,7,29220
P3,Faces94,evaluation,several_enrollment_photographs,0.01,48,576,508,508,329,14,0.9943786946844411,0.948626045400239,794,837,0.9373279802790608,503,5,291,38,4870,7,29220
P1,Faces95,evaluation,several_enrollment_photographs,0.01,167,4900,230,233,160,72,0.706424356223176,0.6437659033078881,253,393,0.6496378755364807,144,89,109,51,2205,7,46030
P2,Faces95,evaluation,several_enrollment_photographs,0.01,48,576,230,233,160,9,0.9439511802575108,0.8473282442748091,333,393,0.8291443133047209,216,17,117,43,2205,7,13230
P3,Faces95,evaluation,several_enrollment_photographs,0.01,48,576,230,233,160,9,0.9962848712446352,0.9491094147582697,373,393,0.9404372317596567,230,3,143,17,2205,7,13230
P1,Faces96,evaluation,several_enrollment_photographs,0.01,167,4900,505,507,324,70,0.6497583217668688,0.6654632972322503,553,831,0.5865841186354007,479,28,74,250,4841,7,101056
P2,Faces96,evaluation,several_enrollment_photographs,0.01,48,576,505,507,324,14,0.8862529524922688,0.7545126353790613,627,831,0.7046807655782015,472,35,155,169,4841,7,29046
P3,Faces96,evaluation,several_enrollment_photographs,0.01,48,576,505,507,324,14,0.9302572625222199,0.7833935018050542,651,831,0.7305774709620864,492,15,159,165,4841,7,29046
P1,FEI,evaluation,one_enrollment_photograph,0.01,167,4900,68,68,22,55,0.5671791443850268,0.6666666666666666,60,90,0.5334224598930482,54,14,6,16,652,7,13611
P2,FEI,evaluation,one_enrollment_photograph,0.01,48,576,68,68,22,6,0.7981283422459893,0.7222222222222222,65,90,0.6931818181818181,51,17,14,8,652,7,3912
P3,FEI,evaluation,one_enrollment_photograph,0.01,48,576,68,68,22,3,0.9197860962566845,0.8333333333333334,75,90,0.6590909090909091,68,0,7,15,652,7,3912
P1,FERET,evaluation,one_enrollment_photograph,0.01,167,4900,309,309,103,78,0.5394947685927043,0.5679611650485437,234,412,0.5566343042071198,179,130,55,48,2962,7,61832
P2,FERET,evaluation,one_enrollment_photograph,0.01,48,576,309,309,103,11,0.7191849687372357,0.7402912621359223,305,412,0.558252427184466,285,24,20,83,2962,7,17772
P3,FERET,evaluation,one_enrollment_photograph,0.01,48,576,309,309,103,9,0.8263738335375626,0.8009708737864077,330,412,0.6634304207119741,290,19,40,63,2962,7,17772
